<annotation>
	<folder>de_la_web</folder>
	<filename>retro_015.jpeg</filename>
	<path>/Users/dk/Desktop/DATOS_DK/imagenes/figuras/retros/de_la_web/retro_015.jpeg</path>
	<source>
		<database>Unknown</database>
	</source>
	<size>
		<width>356</width>
		<height>142</height>
		<depth>3</depth>
	</size>
	<segmented>0</segmented>
	<object>
		<name>dk_Retro</name>
		<pose>Unspecified</pose>
		<truncated>0</truncated>
		<difficult>0</difficult>
		<bndbox>
			<xmin>19</xmin>
			<ymin>6</ymin>
			<xmax>166</xmax>
			<ymax>120</ymax>
		</bndbox>
	</object>
	<object>
		<name>dk_Retro</name>
		<pose>Unspecified</pose>
		<truncated>0</truncated>
		<difficult>0</difficult>
		<bndbox>
			<xmin>203</xmin>
			<ymin>65</ymin>
			<xmax>312</xmax>
			<ymax>121</ymax>
		</bndbox>
	</object>
	<object>
		<name>dk_rueda</name>
		<pose>Unspecified</pose>
		<truncated>0</truncated>
		<difficult>0</difficult>
		<bndbox>
			<xmin>227</xmin>
			<ymin>92</ymin>
			<xmax>243</xmax>
			<ymax>111</ymax>
		</bndbox>
	</object>
	<object>
		<name>dk_rueda</name>
		<pose>Unspecified</pose>
		<truncated>0</truncated>
		<difficult>0</difficult>
		<bndbox>
			<xmin>272</xmin>
			<ymin>92</ymin>
			<xmax>294</xmax>
			<ymax>112</ymax>
		</bndbox>
	</object>
	<object>
		<name>dk_orguga</name>
		<pose>Unspecified</pose>
		<truncated>0</truncated>
		<difficult>0</difficult>
		<bndbox>
			<xmin>60</xmin>
			<ymin>95</ymin>
			<xmax>112</xmax>
			<ymax>119</ymax>
		</bndbox>
	</object>
	<object>
		<name>dk_cabina</name>
		<pose>Unspecified</pose>
		<truncated>0</truncated>
		<difficult>0</difficult>
		<bndbox>
			<xmin>69</xmin>
			<ymin>61</ymin>
			<xmax>104</xmax>
			<ymax>93</ymax>
		</bndbox>
	</object>
	<object>
		<name>dk_cabina</name>
		<pose>Unspecified</pose>
		<truncated>0</truncated>
		<difficult>0</difficult>
		<bndbox>
			<xmin>254</xmin>
			<ymin>69</ymin>
			<xmax>277</xmax>
			<ymax>93</ymax>
		</bndbox>
	</object>
	<object>
		<name>dk_brazo</name>
		<pose>Unspecified</pose>
		<truncated>0</truncated>
		<difficult>0</difficult>
		<bndbox>
			<xmin>37</xmin>
			<ymin>10</ymin>
			<xmax>105</xmax>
			<ymax>63</ymax>
		</bndbox>
	</object>
</annotation>
