<annotation>
	<folder>de_la_web</folder>
	<filename>retro_035.jpeg</filename>
	<path>/Users/dk/Desktop/DATOS_DK/imagenes/figuras/retros/de_la_web/retro_035.jpeg</path>
	<source>
		<database>Unknown</database>
	</source>
	<size>
		<width>640</width>
		<height>427</height>
		<depth>3</depth>
	</size>
	<segmented>0</segmented>
	<object>
		<name>dk_Camion</name>
		<pose>Unspecified</pose>
		<truncated>0</truncated>
		<difficult>0</difficult>
		<bndbox>
			<xmin>41</xmin>
			<ymin>115</ymin>
			<xmax>247</xmax>
			<ymax>253</ymax>
		</bndbox>
	</object>
	<object>
		<name>dk_Camion</name>
		<pose>Unspecified</pose>
		<truncated>0</truncated>
		<difficult>0</difficult>
		<bndbox>
			<xmin>340</xmin>
			<ymin>115</ymin>
			<xmax>531</xmax>
			<ymax>208</ymax>
		</bndbox>
	</object>
	<object>
		<name>dk_Retro</name>
		<pose>Unspecified</pose>
		<truncated>0</truncated>
		<difficult>0</difficult>
		<bndbox>
			<xmin>527</xmin>
			<ymin>112</ymin>
			<xmax>594</xmax>
			<ymax>188</ymax>
		</bndbox>
	</object>
</annotation>
