<annotation>
	<folder>de_la_web</folder>
	<filename>retro_004.jpeg</filename>
	<path>/Users/dk/Desktop/DATOS_DK/imagenes/figuras/retros/de_la_web/retro_004.jpeg</path>
	<source>
		<database>Unknown</database>
	</source>
	<size>
		<width>275</width>
		<height>183</height>
		<depth>3</depth>
	</size>
	<segmented>0</segmented>
	<object>
		<name>dk_cabina</name>
		<pose>Unspecified</pose>
		<truncated>0</truncated>
		<difficult>0</difficult>
		<bndbox>
			<xmin>109</xmin>
			<ymin>62</ymin>
			<xmax>160</xmax>
			<ymax>103</ymax>
		</bndbox>
	</object>
	<object>
		<name>dk_rueda</name>
		<pose>Unspecified</pose>
		<truncated>0</truncated>
		<difficult>0</difficult>
		<bndbox>
			<xmin>99</xmin>
			<ymin>105</ymin>
			<xmax>130</xmax>
			<ymax>131</ymax>
		</bndbox>
	</object>
	<object>
		<name>dk_pala</name>
		<pose>Unspecified</pose>
		<truncated>0</truncated>
		<difficult>0</difficult>
		<bndbox>
			<xmin>196</xmin>
			<ymin>43</ymin>
			<xmax>244</xmax>
			<ymax>81</ymax>
		</bndbox>
	</object>
	<object>
		<name>dk_brazo</name>
		<pose>Unspecified</pose>
		<truncated>0</truncated>
		<difficult>0</difficult>
		<bndbox>
			<xmin>160</xmin>
			<ymin>55</ymin>
			<xmax>196</xmax>
			<ymax>81</ymax>
		</bndbox>
	</object>
</annotation>
