<annotation>
	<folder>de_la_web</folder>
	<filename>retro_029.png</filename>
	<path>/Users/dk/Desktop/DATOS_DK/imagenes/figuras/retros/de_la_web/retro_029.png</path>
	<source>
		<database>Unknown</database>
	</source>
	<size>
		<width>1185</width>
		<height>402</height>
		<depth>3</depth>
	</size>
	<segmented>0</segmented>
	<object>
		<name>dk_Retro</name>
		<pose>Unspecified</pose>
		<truncated>1</truncated>
		<difficult>0</difficult>
		<bndbox>
			<xmin>384</xmin>
			<ymin>23</ymin>
			<xmax>1111</xmax>
			<ymax>402</ymax>
		</bndbox>
	</object>
	<object>
		<name>dk_Camion</name>
		<pose>Unspecified</pose>
		<truncated>1</truncated>
		<difficult>0</difficult>
		<bndbox>
			<xmin>15</xmin>
			<ymin>66</ymin>
			<xmax>387</xmax>
			<ymax>402</ymax>
		</bndbox>
	</object>
</annotation>
