<annotation>
	<folder>de_la_web</folder>
	<filename>retro_008.jpeg</filename>
	<path>/Users/dk/Desktop/DATOS_DK/imagenes/figuras/retros/de_la_web/retro_008.jpeg</path>
	<source>
		<database>Unknown</database>
	</source>
	<size>
		<width>275</width>
		<height>183</height>
		<depth>3</depth>
	</size>
	<segmented>0</segmented>
	<object>
		<name>dk_Retro</name>
		<pose>Unspecified</pose>
		<truncated>1</truncated>
		<difficult>0</difficult>
		<bndbox>
			<xmin>122</xmin>
			<ymin>3</ymin>
			<xmax>275</xmax>
			<ymax>80</ymax>
		</bndbox>
	</object>
	<object>
		<name>dk_rueda</name>
		<pose>Unspecified</pose>
		<truncated>0</truncated>
		<difficult>0</difficult>
		<bndbox>
			<xmin>169</xmin>
			<ymin>43</ymin>
			<xmax>199</xmax>
			<ymax>72</ymax>
		</bndbox>
	</object>
	<object>
		<name>dk_rueda</name>
		<pose>Unspecified</pose>
		<truncated>0</truncated>
		<difficult>0</difficult>
		<bndbox>
			<xmin>220</xmin>
			<ymin>59</ymin>
			<xmax>237</xmax>
			<ymax>75</ymax>
		</bndbox>
	</object>
	<object>
		<name>dk_retroPala</name>
		<pose>Unspecified</pose>
		<truncated>0</truncated>
		<difficult>0</difficult>
		<bndbox>
			<xmin>111</xmin>
			<ymin>45</ymin>
			<xmax>144</xmax>
			<ymax>77</ymax>
		</bndbox>
	</object>
	<object>
		<name>dk_cabina</name>
		<pose>Unspecified</pose>
		<truncated>0</truncated>
		<difficult>0</difficult>
		<bndbox>
			<xmin>173</xmin>
			<ymin>8</ymin>
			<xmax>219</xmax>
			<ymax>48</ymax>
		</bndbox>
	</object>
	<object>
		<name>dk_brazo</name>
		<pose>Unspecified</pose>
		<truncated>0</truncated>
		<difficult>0</difficult>
		<bndbox>
			<xmin>128</xmin>
			<ymin>8</ymin>
			<xmax>162</xmax>
			<ymax>50</ymax>
		</bndbox>
	</object>
</annotation>
