<annotation>
	<folder>de_la_web</folder>
	<filename>retro_023.jpeg</filename>
	<path>/Users/dk/Desktop/DATOS_DK/imagenes/figuras/retros/de_la_web/retro_023.jpeg</path>
	<source>
		<database>Unknown</database>
	</source>
	<size>
		<width>1200</width>
		<height>900</height>
		<depth>3</depth>
	</size>
	<segmented>0</segmented>
	<object>
		<name>dk_Retro</name>
		<pose>Unspecified</pose>
		<truncated>0</truncated>
		<difficult>0</difficult>
		<bndbox>
			<xmin>471</xmin>
			<ymin>168</ymin>
			<xmax>760</xmax>
			<ymax>608</ymax>
		</bndbox>
	</object>
	<object>
		<name>dk_Retro</name>
		<pose>Unspecified</pose>
		<truncated>0</truncated>
		<difficult>0</difficult>
		<bndbox>
			<xmin>757</xmin>
			<ymin>101</ymin>
			<xmax>896</xmax>
			<ymax>248</ymax>
		</bndbox>
	</object>
	<object>
		<name>dk_Retro</name>
		<pose>Unspecified</pose>
		<truncated>0</truncated>
		<difficult>0</difficult>
		<bndbox>
			<xmin>925</xmin>
			<ymin>81</ymin>
			<xmax>969</xmax>
			<ymax>147</ymax>
		</bndbox>
	</object>
	<object>
		<name>dk_Camion</name>
		<pose>Unspecified</pose>
		<truncated>0</truncated>
		<difficult>0</difficult>
		<bndbox>
			<xmin>624</xmin>
			<ymin>93</ymin>
			<xmax>729</xmax>
			<ymax>189</ymax>
		</bndbox>
	</object>
</annotation>
