<annotation>
	<folder>de_la_web</folder>
	<filename>retro_001.png</filename>
	<path>/Users/dk/Desktop/DATOS_DK/imagenes/figuras/retros/de_la_web/retro_001.png</path>
	<source>
		<database>Unknown</database>
	</source>
	<size>
		<width>838</width>
		<height>419</height>
		<depth>3</depth>
	</size>
	<segmented>0</segmented>
	<object>
		<name>dk_cabina</name>
		<pose>Unspecified</pose>
		<truncated>0</truncated>
		<difficult>0</difficult>
		<bndbox>
			<xmin>549</xmin>
			<ymin>148</ymin>
			<xmax>733</xmax>
			<ymax>265</ymax>
		</bndbox>
	</object>
	<object>
		<name>dk_orguga</name>
		<pose>Unspecified</pose>
		<truncated>0</truncated>
		<difficult>0</difficult>
		<bndbox>
			<xmin>542</xmin>
			<ymin>274</ymin>
			<xmax>744</xmax>
			<ymax>328</ymax>
		</bndbox>
	</object>
	<object>
		<name>dk_orguga</name>
		<pose>Unspecified</pose>
		<truncated>0</truncated>
		<difficult>0</difficult>
		<bndbox>
			<xmin>434</xmin>
			<ymin>276</ymin>
			<xmax>543</xmax>
			<ymax>321</ymax>
		</bndbox>
	</object>
	<object>
		<name>dk_brazo</name>
		<pose>Unspecified</pose>
		<truncated>0</truncated>
		<difficult>0</difficult>
		<bndbox>
			<xmin>307</xmin>
			<ymin>52</ymin>
			<xmax>544</xmax>
			<ymax>184</ymax>
		</bndbox>
	</object>
	<object>
		<name>dk_brazo</name>
		<pose>Unspecified</pose>
		<truncated>0</truncated>
		<difficult>0</difficult>
		<bndbox>
			<xmin>225</xmin>
			<ymin>22</ymin>
			<xmax>326</xmax>
			<ymax>271</ymax>
		</bndbox>
	</object>
	<object>
		<name>dk_retroPala</name>
		<pose>Unspecified</pose>
		<truncated>0</truncated>
		<difficult>0</difficult>
		<bndbox>
			<xmin>96</xmin>
			<ymin>264</ymin>
			<xmax>255</xmax>
			<ymax>348</ymax>
		</bndbox>
	</object>
</annotation>
