<annotation>
	<folder>de_la_web</folder>
	<filename>retro_016.jpeg</filename>
	<path>/Users/dk/Desktop/DATOS_DK/imagenes/figuras/retros/de_la_web/retro_016.jpeg</path>
	<source>
		<database>Unknown</database>
	</source>
	<size>
		<width>2000</width>
		<height>563</height>
		<depth>3</depth>
	</size>
	<segmented>0</segmented>
	<object>
		<name>dk_Retro</name>
		<pose>Unspecified</pose>
		<truncated>0</truncated>
		<difficult>0</difficult>
		<bndbox>
			<xmin>705</xmin>
			<ymin>56</ymin>
			<xmax>1122</xmax>
			<ymax>494</ymax>
		</bndbox>
	</object>
	<object>
		<name>dk_cabina</name>
		<pose>Unspecified</pose>
		<truncated>0</truncated>
		<difficult>0</difficult>
		<bndbox>
			<xmin>752</xmin>
			<ymin>93</ymin>
			<xmax>905</xmax>
			<ymax>233</ymax>
		</bndbox>
	</object>
</annotation>
