<annotation>
	<folder>de_la_web</folder>
	<filename>retro_033.jpeg</filename>
	<path>/Users/dk/Desktop/DATOS_DK/imagenes/figuras/retros/de_la_web/retro_033.jpeg</path>
	<source>
		<database>Unknown</database>
	</source>
	<size>
		<width>1583</width>
		<height>650</height>
		<depth>3</depth>
	</size>
	<segmented>0</segmented>
	<object>
		<name>dk_Retro</name>
		<pose>Unspecified</pose>
		<truncated>0</truncated>
		<difficult>0</difficult>
		<bndbox>
			<xmin>21</xmin>
			<ymin>33</ymin>
			<xmax>800</xmax>
			<ymax>518</ymax>
		</bndbox>
	</object>
	<object>
		<name>dk_Retro</name>
		<pose>Unspecified</pose>
		<truncated>0</truncated>
		<difficult>0</difficult>
		<bndbox>
			<xmin>793</xmin>
			<ymin>192</ymin>
			<xmax>1124</xmax>
			<ymax>457</ymax>
		</bndbox>
	</object>
	<object>
		<name>dk_Camion</name>
		<pose>Unspecified</pose>
		<truncated>0</truncated>
		<difficult>0</difficult>
		<bndbox>
			<xmin>1151</xmin>
			<ymin>272</ymin>
			<xmax>1258</xmax>
			<ymax>370</ymax>
		</bndbox>
	</object>
	<object>
		<name>dk_Retro</name>
		<pose>Unspecified</pose>
		<truncated>0</truncated>
		<difficult>0</difficult>
		<bndbox>
			<xmin>1302</xmin>
			<ymin>270</ymin>
			<xmax>1409</xmax>
			<ymax>355</ymax>
		</bndbox>
	</object>
</annotation>
