<annotation>
	<folder>de_la_web</folder>
	<filename>retro_010.jpeg</filename>
	<path>/Users/dk/Desktop/DATOS_DK/imagenes/figuras/retros/de_la_web/retro_010.jpeg</path>
	<source>
		<database>Unknown</database>
	</source>
	<size>
		<width>768</width>
		<height>525</height>
		<depth>3</depth>
	</size>
	<segmented>0</segmented>
	<object>
		<name>dk_Retro</name>
		<pose>Unspecified</pose>
		<truncated>0</truncated>
		<difficult>0</difficult>
		<bndbox>
			<xmin>80</xmin>
			<ymin>5</ymin>
			<xmax>605</xmax>
			<ymax>275</ymax>
		</bndbox>
	</object>
	<object>
		<name>dk_orguga</name>
		<pose>Unspecified</pose>
		<truncated>0</truncated>
		<difficult>0</difficult>
		<bndbox>
			<xmin>308</xmin>
			<ymin>205</ymin>
			<xmax>383</xmax>
			<ymax>276</ymax>
		</bndbox>
	</object>
	<object>
		<name>dk_orguga</name>
		<pose>Unspecified</pose>
		<truncated>0</truncated>
		<difficult>0</difficult>
		<bndbox>
			<xmin>447</xmin>
			<ymin>207</ymin>
			<xmax>539</xmax>
			<ymax>285</ymax>
		</bndbox>
	</object>
	<object>
		<name>dk_cabina</name>
		<pose>Unspecified</pose>
		<truncated>0</truncated>
		<difficult>0</difficult>
		<bndbox>
			<xmin>293</xmin>
			<ymin>67</ymin>
			<xmax>435</xmax>
			<ymax>207</ymax>
		</bndbox>
	</object>
	<object>
		<name>dk_retroPala</name>
		<pose>Unspecified</pose>
		<truncated>0</truncated>
		<difficult>0</difficult>
		<bndbox>
			<xmin>80</xmin>
			<ymin>115</ymin>
			<xmax>187</xmax>
			<ymax>196</ymax>
		</bndbox>
	</object>
</annotation>
