<annotation>
	<folder>de_la_web</folder>
	<filename>retro_026.jpeg</filename>
	<path>/Users/dk/Desktop/DATOS_DK/imagenes/figuras/retros/de_la_web/retro_026.jpeg</path>
	<source>
		<database>Unknown</database>
	</source>
	<size>
		<width>1910</width>
		<height>1261</height>
		<depth>3</depth>
	</size>
	<segmented>0</segmented>
	<object>
		<name>dk_Retro</name>
		<pose>Unspecified</pose>
		<truncated>0</truncated>
		<difficult>0</difficult>
		<bndbox>
			<xmin>8</xmin>
			<ymin>73</ymin>
			<xmax>1221</xmax>
			<ymax>902</ymax>
		</bndbox>
	</object>
	<object>
		<name>dk_Retro</name>
		<pose>Unspecified</pose>
		<truncated>0</truncated>
		<difficult>0</difficult>
		<bndbox>
			<xmin>1250</xmin>
			<ymin>730</ymin>
			<xmax>1737</xmax>
			<ymax>885</ymax>
		</bndbox>
	</object>
	<object>
		<name>dk_Retro</name>
		<pose>Unspecified</pose>
		<truncated>0</truncated>
		<difficult>0</difficult>
		<bndbox>
			<xmin>1534</xmin>
			<ymin>666</ymin>
			<xmax>1684</xmax>
			<ymax>755</ymax>
		</bndbox>
	</object>
</annotation>
