<annotation>
	<folder>de_la_web</folder>
	<filename>retro_011.jpeg</filename>
	<path>/Users/dk/Desktop/DATOS_DK/imagenes/figuras/retros/de_la_web/retro_011.jpeg</path>
	<source>
		<database>Unknown</database>
	</source>
	<size>
		<width>1200</width>
		<height>900</height>
		<depth>3</depth>
	</size>
	<segmented>0</segmented>
	<object>
		<name>dk_Retro</name>
		<pose>Unspecified</pose>
		<truncated>0</truncated>
		<difficult>0</difficult>
		<bndbox>
			<xmin>596</xmin>
			<ymin>76</ymin>
			<xmax>1153</xmax>
			<ymax>457</ymax>
		</bndbox>
	</object>
	<object>
		<name>dk_pala</name>
		<pose>Unspecified</pose>
		<truncated>0</truncated>
		<difficult>0</difficult>
		<bndbox>
			<xmin>211</xmin>
			<ymin>486</ymin>
			<xmax>331</xmax>
			<ymax>607</ymax>
		</bndbox>
	</object>
	<object>
		<name>dk_brazo</name>
		<pose>Unspecified</pose>
		<truncated>0</truncated>
		<difficult>0</difficult>
		<bndbox>
			<xmin>266</xmin>
			<ymin>225</ymin>
			<xmax>354</xmax>
			<ymax>478</ymax>
		</bndbox>
	</object>
	<object>
		<name>dk_brazo</name>
		<pose>Unspecified</pose>
		<truncated>0</truncated>
		<difficult>0</difficult>
		<bndbox>
			<xmin>276</xmin>
			<ymin>108</ymin>
			<xmax>590</xmax>
			<ymax>319</ymax>
		</bndbox>
	</object>
	<object>
		<name>dk_rueda</name>
		<pose>Unspecified</pose>
		<truncated>0</truncated>
		<difficult>0</difficult>
		<bndbox>
			<xmin>656</xmin>
			<ymin>310</ymin>
			<xmax>684</xmax>
			<ymax>380</ymax>
		</bndbox>
	</object>
	<object>
		<name>dk_rueda</name>
		<pose>Unspecified</pose>
		<truncated>0</truncated>
		<difficult>0</difficult>
		<bndbox>
			<xmin>759</xmin>
			<ymin>335</ymin>
			<xmax>859</xmax>
			<ymax>415</ymax>
		</bndbox>
	</object>
</annotation>
