<annotation>
	<folder>de_la_web</folder>
	<filename>retro_036.jpeg</filename>
	<path>/Users/dk/Desktop/DATOS_DK/imagenes/figuras/retros/de_la_web/retro_036.jpeg</path>
	<source>
		<database>Unknown</database>
	</source>
	<size>
		<width>512</width>
		<height>383</height>
		<depth>3</depth>
	</size>
	<segmented>0</segmented>
	<object>
		<name>dk_Retro</name>
		<pose>Unspecified</pose>
		<truncated>0</truncated>
		<difficult>0</difficult>
		<bndbox>
			<xmin>248</xmin>
			<ymin>11</ymin>
			<xmax>436</xmax>
			<ymax>330</ymax>
		</bndbox>
	</object>
	<object>
		<name>dk_Camion</name>
		<pose>Unspecified</pose>
		<truncated>0</truncated>
		<difficult>0</difficult>
		<bndbox>
			<xmin>161</xmin>
			<ymin>95</ymin>
			<xmax>238</xmax>
			<ymax>142</ymax>
		</bndbox>
	</object>
</annotation>
