<annotation>
	<folder>de_la_web</folder>
	<filename>retro_003.jpeg</filename>
	<path>/Users/dk/Desktop/DATOS_DK/imagenes/figuras/retros/de_la_web/retro_003.jpeg</path>
	<source>
		<database>Unknown</database>
	</source>
	<size>
		<width>259</width>
		<height>194</height>
		<depth>3</depth>
	</size>
	<segmented>0</segmented>
	<object>
		<name>dk_rueda</name>
		<pose>Unspecified</pose>
		<truncated>0</truncated>
		<difficult>0</difficult>
		<bndbox>
			<xmin>124</xmin>
			<ymin>130</ymin>
			<xmax>176</xmax>
			<ymax>175</ymax>
		</bndbox>
	</object>
	<object>
		<name>dk_rueda</name>
		<pose>Unspecified</pose>
		<truncated>0</truncated>
		<difficult>0</difficult>
		<bndbox>
			<xmin>220</xmin>
			<ymin>127</ymin>
			<xmax>249</xmax>
			<ymax>174</ymax>
		</bndbox>
	</object>
	<object>
		<name>dk_rueda</name>
		<pose>Unspecified</pose>
		<truncated>0</truncated>
		<difficult>0</difficult>
		<bndbox>
			<xmin>70</xmin>
			<ymin>126</ymin>
			<xmax>118</xmax>
			<ymax>168</ymax>
		</bndbox>
	</object>
	<object>
		<name>dk_cabina</name>
		<pose>Unspecified</pose>
		<truncated>0</truncated>
		<difficult>0</difficult>
		<bndbox>
			<xmin>143</xmin>
			<ymin>59</ymin>
			<xmax>221</xmax>
			<ymax>132</ymax>
		</bndbox>
	</object>
	<object>
		<name>dk_pala</name>
		<pose>Unspecified</pose>
		<truncated>0</truncated>
		<difficult>0</difficult>
		<bndbox>
			<xmin>19</xmin>
			<ymin>52</ymin>
			<xmax>105</xmax>
			<ymax>110</ymax>
		</bndbox>
	</object>
</annotation>
